"";"Year";"Month";"region";"Period";"Temperature_C";"Rain_mm";"Sunshine_h";"Humidity";"Congestion";"InternetStability";"PowerGridStability";"ParkingSpaceAvailability";"RoadCondition";"PoliticalStability";"AvgHealth";"Criminality";"AirPollution";"WaterQuality";"leisureAndSocialInteractions";"SkilledLaborAvailability";"UnskilledLaborAvailability";"WorkerMotivation";"Overtime";"Inflation";"BusinessConfidence";"FuelPrice"
"1";2019;1;"Shangh";"2019/1";10,517;91,714;161,586;88,524;62,68;339;1,38;0,0175985561375351;6,8;2,31;76,41;35,39;67,19;0,79;6,24;50,63;72,96;6,35;0,16;0,00109982;101,0983;2,433
"2";2019;1;"Peking";"2019/1";0,747;61,445;22,21;84,916;25,29;2014;1,75;0,0528540014576885;4,44;1,98;79,87;17,92;13,02;0,98;7,82;30,69;70,27;6,49;0,095;-0,00091997;99,1762;2,488
"3";2019;1;"Japan";"2019/1";-1,248;39,626;50,327;82,11;38,79;1946;0,2;0,03246346596386;6,17;2,51;79,77;30,84;246,42;0,98;6,26;88;64,37;7,43;0,004;0,00101089;101,1787;2,4
"4";2019;1;"Skorea";"2019/1";-0,888;30,681;43,789;83,256;44,34;72;2,94;0,0295066149406925;2,31;5,71;53,34;50,34;47,97;0,83;7,23;54,36;43,17;7,85;0;0,0131886;101,799;2,501
"5";2019;1;"Phlppn";"2019/1";11,3;93,778;177,107;79,073;91,15;691;2,83;0,0230046950707745;2,93;1,95;79,86;20,13;74,03;0,64;6,21;71,06;71,67;6,82;0,143;0,00065122;100,6217;2,487
"6";2019;2;"Shangh";"2019/2";13,237;64,54;171,204;76,513;57,54;354;1,27;0,015713836264493;5,8;2,23;77,2;35,6;61,57;0,98;6,88;51,86;72,06;6,38;0,132;0,00105233;100,9886;2,525
"7";2019;2;"Peking";"2019/2";-4,891;54,894;61,722;77,994;30,27;2032;1,74;0,0576091772168332;3,81;2;78,72;17,81;12,34;0,98;7,12;30,31;70,84;6,59;0,013;-0,00086296;99,0727;2,527
"8";2019;2;"Japan";"2019/2";2,076;36,334;73,275;79,537;53,4;1659;0,21;0,0307358391215116;5,7;2,75;79,24;30,38;211,2;0,91;6,43;87,92;64,46;7,03;0,072;0,00094253;101,0367;2,433
"9";2019;2;"Skorea";"2019/2";-3,606;42,23;58,905;78,278;45,69;63;3,56;0,0318761763757719;2,19;5,7;53,39;51,67;59,94;0,73;6,35;53,89;42,49;7,56;0,074;0,01325743;101,8198;2,587
"10";2019;2;"Phlppn";"2019/2";11,878;57,353;172,388;82,185;80,9;670;2,63;0,0209537266809893;3,52;2,05;77,73;19,92;57,03;0,71;6,67;70,3;72,12;6,75;0;0,00057617;100,5496;2,433
"11";2019;3;"Shangh";"2019/3";9,8;50,648;223,897;70,595;67,5;328;1,51;0,0177173800098927;6,8;2,31;77,28;35,05;68,69;0,81;6,2;51,47;72,09;6,57;0;0,00113245;101,1788;2,316
"12";2019;3;"Peking";"2019/3";-5,078;60,928;109,927;75,041;22,76;1630;1,61;0,0502858502658568;3,33;2,14;77,29;17,42;13,12;0,97;6,9;31,27;72,75;6,89;0,046;-0,00083728;99,0449;2,396
"13";2019;3;"Japan";"2019/3";6,885;38,684;109,297;71,786;45,74;1947;0,24;0,0299304340352878;5,96;2,82;78,49;30,14;226,49;0,87;6,53;87,62;65,14;6,73;0,173;0,00088346;100,9075;2,387
"14";2019;3;"Skorea";"2019/3";2,129;39,708;108,093;82,656;69,43;64;3,31;0,0333646244259834;2,43;5,76;54,57;52,28;54,2;0,79;6,34;53,43;43,24;7,38;0;0,01332222;101,9505;2,451
"15";2019;3;"Phlppn";"2019/3";15,417;45,786;228,148;79,983;70,07;801;2,89;0,0219540304062998;2,81;2,07;80,16;21,05;59,2;0,73;6,53;69,83;71,12;6,53;0,131;0,00057694;100,6333;2,402
"16";2019;4;"Shangh";"2019/4";14,768;73,249;264,703;71,822;63,35;298;1,16;0,0162817088353774;6,8;2,31;78,2;35,63;63,92;0,94;6,89;50,87;73,45;6,44;0,263;0,00116492;101,1703;2,355
"17";2019;4;"Peking";"2019/4";-0,719;38,785;164,978;79,547;25,13;1995;1,88;0,0556594178398832;3,43;2,3;77,19;17,28;13,69;0,92;6,99;31,46;73,05;6,9;0,109;-0,00084735;99,0417;2,384
"18";2019;4;"Japan";"2019/4";10,457;39,863;167,497;61,434;50,17;1683;0,3;0,03057238206542;6,37;2,86;80,01;29,66;211,73;0,96;6,21;86,65;65,01;6,45;0;0,00091825;100,9459;2,428
"19";2019;4;"Skorea";"2019/4";7,112;42,749;155,529;72,479;42,94;61;3,34;0,0362660816108097;2,38;5,51;54,28;53,68;56,37;0,88;7,02;53,67;44,75;7,54;0,045;0,01329363;101,669;2,253
"20";2019;4;"Phlppn";"2019/4";13,089;25,905;246,251;80,584;57,24;759;2,46;0,0211881306270973;3,02;1,68;81,3;21,28;76,43;0,71;6,32;71,59;70,68;6,6;0;0,00052704;100,7678;2,403
"21";2019;5;"Shangh";"2019/5";17,377;43,474;269,606;67,759;57,91;316;1,54;0,0167754529651895;6,1;2,17;78,37;34,74;61,66;0,86;5,95;50,95;74,14;7,27;0,257;0,00114428;101,1035;2,425
"22";2019;5;"Peking";"2019/5";7,287;50,785;234,048;71,944;26,59;1937;2,02;0,0571657145416295;3,42;2,25;78,94;18,45;14,99;0,98;7,22;32,16;73,2;6,56;0,232;-0,0009068;98,9866;2,287
"23";2019;5;"Japan";"2019/5";13,327;55,793;228,877;59,735;52,31;1593;0,27;0,0290531116217327;6,8;2,95;81,18;28,84;230,6;0,94;5,88;86,36;65,5;6,76;0,083;0,00083984;100,9247;2,336
"24";2019;5;"Skorea";"2019/5";16,732;57,526;241,843;64,671;58,7;64;3,13;0,031816212989772;2,6;5,61;55,78;52,82;52;0,74;6,63;54,55;44,8;7,25;0,161;0,01322531;101,5939;2,384
"25";2019;5;"Phlppn";"2019/5";23,233;7,909;312,508;70,566;58,64;719;2,58;0,020691790435369;3,01;2,05;81,36;21,26;61,37;0,67;6,01;70,11;71,17;7,15;0,052;0,00063381;100,8788;2,508
"26";2019;6;"Shangh";"2019/6";19,596;16,353;282,534;55,053;69,71;354;1,4;0,017205963326994;6,4;2,04;78,72;35,82;64,33;0,81;6,97;50,59;74,75;7,49;0,207;0,00107565;101,0207;2,282
"27";2019;6;"Peking";"2019/6";15,118;75,055;209,791;79,069;29,42;1919;1,77;0,0513506571818297;2,88;2,12;77,54;19,17;12,77;0,95;8,05;33,19;72,95;6,5;0,004;-0,00098406;99,1054;2,284
"28";2019;6;"Japan";"2019/6";15,958;65,592;240,627;59,295;41,58;1740;0,21;0,0312411173420677;6,67;3,21;82,92;28,5;216,48;0,88;6,65;85,42;64,59;7,11;0,051;0,00086169;100,9456;2,376
"29";2019;6;"Skorea";"2019/6";15,627;85,906;258,539;61,882;50,72;66;3,19;0,0302296798839351;2,18;5,66;55,75;53,34;50,33;0,78;6,78;53,34;45,78;7,43;0,233;0,01325296;101,5661;2,383
"30";2019;6;"Phlppn";"2019/6";18,384;3,045;327,285;69,329;54,57;723;2,24;0,0226889854773071;3,47;2,32;80,5;22,41;66,37;0,7;6,3;71,96;70,71;7,92;0,14;0,00069661;100,9344;2,575
"31";2019;7;"Shangh";"2019/7";20,41;3,43;337,88;53,311;58,69;355;1,33;0,0179764566409789;6,8;1,97;78;34,71;63,19;0,8;6,27;48,87;75,81;7,4;0,068;0,00114194;101,1328;2,373
"32";2019;7;"Peking";"2019/7";14,356;83,519;190,221;79,422;23,21;1799;1,52;0,0516584088776376;4,13;2,43;78,26;19,05;13,97;0,97;6,53;33,65;71,55;6,42;0,159;-0,00100938;99,2046;2,538
"33";2019;7;"Japan";"2019/7";16,301;50,53;221,64;64,38;45,66;1780;0,25;0,0281362890210682;5,81;2,92;82,27;30,67;211,35;0,87;6,68;84,69;64,23;6,96;0,022;0,00093762;100,92;2,338
"34";2019;7;"Skorea";"2019/7";19,573;63,539;283,932;66,91;64,47;64;2,78;0,033010412201716;2,1;5,67;54,95;52,72;53,79;0,69;6,07;53,92;46,36;7,13;0,048;0,01321979;101,7995;2,434
"35";2019;7;"Phlppn";"2019/7";26,386;0;383,436;68,288;65,13;750;2,66;0,0226186589977093;3,33;2,31;79,75;22,01;66,25;0,7;7,48;70,87;70,08;7,58;0,215;0,00074209;101,0249;2,639
"36";2019;8;"Shangh";"2019/8";23,304;5,316;353,438;53,492;57,82;320;1,2;0,0177816497748;6,35;2,05;77,84;36,52;63,86;0,93;6,56;49,05;77,89;7,01;0,298;0,00124277;101,2567;2,364
"37";2019;8;"Peking";"2019/8";17,167;86,034;185,853;79,345;32,48;2030;1,69;0,054539894018288;3,52;2,63;78,04;18,3;14,3;0,98;7,46;32,03;71,76;6,4;0,094;-0,0009077;99,1698;2,521
"38";2019;8;"Japan";"2019/8";19,995;61,292;171,1;61,814;49,28;1715;0,17;0,0319708473300372;6,1;3;82,5;31,45;251,58;0,83;7,15;85,42;63,2;6,61;0,211;0,00098883;101,1894;2,522
"39";2019;8;"Skorea";"2019/8";23,232;57,664;259,486;67,624;47,38;64;3,33;0,0342558670810409;2,1;5,58;54,63;53,48;52,58;0,74;6,55;53,4;46,9;7,04;0,14;0,01325752;101,833;2,591
"40";2019;8;"Phlppn";"2019/8";25,057;7,371;326,381;69,447;69,57;627;2,08;0,023269633935123;2,9;2,43;78,64;22,15;74,46;0,73;6,27;69,6;70,05;7,57;0,265;0,00074658;101,1526;2,52
"41";2019;9;"Shangh";"2019/9";19,911;31,052;233,259;53,843;57,71;312;1,4;0,0169689531658975;6,76;1,73;78,17;36,03;58,06;0,81;6,37;49,78;78,11;7,16;0,183;0,00125603;101,2514;2,483
"42";2019;9;"Peking";"2019/9";5,748;82,142;114,845;72,942;30;2012;1,71;0,0540575901986518;3,63;2,57;77,22;17,48;14,27;0,98;6,98;32,09;72,41;6,02;0;-0,00089683;99,1708;2,646
"43";2019;9;"Japan";"2019/9";17,944;49,275;153,712;67,184;47,51;1240;0,23;0,0313751496311097;5,98;3;84,01;31,88;232,29;0,93;5,63;84,34;63,88;6,43;0,12;0,00102736;101,2373;2,392
"44";2019;9;"Skorea";"2019/9";13,158;53,083;186,09;71,45;38,98;66;3,11;0,0342821359841806;2,1;5,49;56,06;52,66;53,77;0,78;6,7;52,82;47,13;6,94;0,076;0,01334909;101,9046;2,411
"45";2019;9;"Phlppn";"2019/9";21,969;41,53;254,921;69,071;68,4;607;2,77;0,0222332277755839;3,16;2,75;78,15;23;61,23;0,67;6,64;69,54;69,06;8,09;0,349;0,00085165;101,2833;2,44
"46";2019;10;"Shangh";"2019/10";21,918;78,455;259,688;71,059;53,61;316;1,55;0,0179190899208018;6,29;1,88;78,3;35,44;68,42;0,91;6,91;51,9;77,77;7,1;0,325;0,00131766;101,3084;2,67
"47";2019;10;"Peking";"2019/10";7,894;71,871;63,145;84,18;21,73;1877;1,81;0,0522717097420568;3,9;2,31;79,01;18,37;13,4;0,98;6,95;31,74;74,18;6,22;0,095;-0,00090469;99,2503;2,627
"48";2019;10;"Japan";"2019/10";13,8;32,84;109,514;67,356;48,49;1867;0,18;0,0313085065215244;6,77;3,37;85;32,88;222,56;0,98;5,52;82,58;64,64;6,53;0,03;0,00103214;101,1579;2,417
"49";2019;10;"Skorea";"2019/10";6,255;38,68;119,592;91,348;60,91;60;2,95;0,0344931564755093;2,7;5,67;57,61;54,15;49,72;0,74;7,43;52,54;48,63;6,96;0,157;0,01330341;102,0174;2,603
"50";2019;10;"Phlppn";"2019/10";17,475;89,944;222,671;78,681;63,44;824;2,87;0,0200406278671022;3;2,87;78,39;22,75;62,17;0,7;6,6;70,21;69,1;8,75;0,186;0,00082753;101,1792;2,491
"51";2019;11;"Shangh";"2019/11";11,03;110,334;157,945;79,74;55,4;351;1,22;0,0177727302583183;5,41;2,04;79,1;35,67;61,37;0,86;6,98;52,88;78,08;7,14;0,322;0,00136287;101,2073;2,454
"52";2019;11;"Peking";"2019/11";0,313;86,872;34,051;82,824;22,23;1639;1,52;0,0535331271482152;2,79;2,1;77,47;18,14;15,05;0,95;6,99;32,56;74,23;6,69;0,078;-0,00091051;99,0822;2,525
"53";2019;11;"Japan";"2019/11";-0,568;48,414;51,752;84,059;46,18;1795;0,2;0,035105030182179;5,7;2,89;86,57;30,85;233,04;0,9;6,38;82,2;63,42;7,15;0,106;0,00102558;101,0216;2,412
"54";2019;11;"Skorea";"2019/11";4,121;48,545;47,273;76,335;47,25;73;3,05;0,0301898177612488;2,23;5,38;57,01;54,1;51,41;0,78;6,84;53,21;49,02;6,75;0,039;0,0133414;101,8814;2,569
"55";2019;11;"Phlppn";"2019/11";15,965;96,908;200,02;81,384;63,65;682;2,99;0,0223802217341995;2,71;2,54;77,07;20,82;67,24;0,75;6,74;67,61;69,95;9,07;0,115;0,00080163;101,2427;2,651
"56";2019;12;"Shangh";"2019/12";12,325;123,865;144,713;81,04;63,87;282;1,44;0,0182706473023393;6,55;2,35;78,15;36,4;59,94;0,91;6,24;54,47;78,55;7,22;0,379;0,00136431;101,1739;2,44
"57";2019;12;"Peking";"2019/12";-6,758;78,673;9,34;74,76;28,55;1961;1,4;0,0514851984496643;3,42;2,16;76,58;17,07;12,61;0,98;7,1;32,06;74,46;7,23;0,239;-0,00095422;99,1619;2,702
"58";2019;12;"Japan";"2019/12";-0,234;47,617;33,777;87,413;47,23;1797;0,26;0,0310148065322128;5,72;2,95;88,25;30,29;218,72;0,88;6,59;82,73;63,79;7,2;0,196;0,00107767;100,9541;2,552
"59";2019;12;"Skorea";"2019/12";-3,222;51,979;31,023;82,913;52,63;67;2,99;0,0370696806633405;2,44;5,33;56,21;54,75;51,12;0,71;6,41;52,99;50,17;6,41;0,13;0,01334363;101,6843;2,55
"60";2019;12;"Phlppn";"2019/12";13,934;86,786;167,373;85,101;78,03;643;3,1;0,021629481604726;3,22;2,55;79,93;21,61;72,04;0,66;7,37;69,61;69,77;9,17;0,131;0,00094128;101,2521;2,626
"61";2020;1;"Shangh";"2020/1";15,185;80,247;135,689;78,647;54,92;371;1,36;0,0173205960077899;6,8;2,3;77,05;37,39;62,53;0,95;6,28;55,34;77,52;7,12;0,218;0,00127668;101,1467;2,475
"62";2020;1;"Peking";"2020/1";-0,294;70,499;23,594;82,308;27,23;2375;1,87;0,049048826349616;3,48;2,09;76,4;16,69;15,31;0,95;7,05;30,75;74,7;7,1;0,082;-0,0009039;99,1111;2,602
"63";2020;1;"Japan";"2020/1";-0,558;54,99;46,907;78,195;49,54;1946;0,23;0,0300152960732128;6,8;3,02;89,02;29,92;237,72;0,95;5,91;83,84;63,88;7,07;0,223;0,00109217;100,8519;2,73
"64";2020;1;"Skorea";"2020/1";-1,686;32,321;40,378;89,826;51,52;57;3,11;0,0358494669049867;2,15;5,38;56,63;54,68;50,47;0,76;6,33;53,42;50,16;6,78;0,058;0,01342721;101,6034;2,488
"65";2020;1;"Phlppn";"2020/1";14,262;91,773;157,65;81,073;61,48;593;2,68;0,0218478687048789;3,04;2,64;81,27;20,53;68,82;0,75;6,88;70,31;68,44;9,18;0,096;0,00093163;101,455;2,655
"66";2020;2;"Shangh";"2020/2";9,155;85,831;170,479;70,623;62,73;300;1,47;0,0174116471397007;6,8;2,12;78,18;35,78;62,02;0,87;5,45;55,19;76,07;7,39;0,272;0,00122473;100,95;2,57
"67";2020;2;"Peking";"2020/2";-4,223;57,304;61,445;79,999;31,24;1996;1,68;0,0540785276311314;3,34;1,94;76,83;17,46;12,58;0,9;7,86;30,1;73,08;6,81;0,045;-0,00085817;99,0972;2,614
"68";2020;2;"Japan";"2020/2";2,947;31,527;72,074;72,536;46,53;1830;0,25;0,0317112952965036;5,76;3,01;90,15;29,92;210,08;0,94;6,32;83,86;62,56;6,85;0;0,00109434;100,7511;2,624
"69";2020;2;"Skorea";"2020/2";-1,696;37,689;74,089;77,207;61,41;69;2,73;0,0355517396624049;2,1;5,67;57,56;53,38;56,73;0,75;7,19;52,69;48,09;6,8;0;0,0134167;101,6949;2,55
"70";2020;2;"Phlppn";"2020/2";13,24;49,674;182,041;77,164;74,51;683;3,22;0,020944464508707;3,19;2,42;83,25;20,94;72,3;0,73;6,27;71,94;67,73;8,73;0,209;0,00090787;101,4214;2,537
"71";2020;3;"Shangh";"2020/3";15,736;52,591;196,87;74,422;49,97;356;1,44;0,0163238475854121;6,8;2,17;78,52;35,25;66,56;0,83;6,1;54,66;76,16;7,48;0,175;0,00120145;100,867;2,589
"72";2020;3;"Peking";"2020/3";0,222;43,299;113,216;79,297;15,96;1827;1,74;0,0535864995160418;3,91;1,92;75,85;16,55;15,36;0,96;7,35;30,25;72,3;6,84;0,067;-0,00084064;99,1022;2,671
"73";2020;3;"Japan";"2020/3";2,718;45,059;117,07;69,353;54,53;1924;0,24;0,0311616417874647;6,8;2,49;89,97;30,04;222,73;0,92;6,38;84,3;61,81;6,98;0,224;0,00119176;100,8039;2,642
"74";2020;3;"Skorea";"2020/3";0,036;34,039;119,821;88,127;48,36;76;2,74;0,0354735694062398;2,58;5,37;57,18;54,11;58,08;0,73;6,46;51,89;48,12;6,58;0,053;0,01339656;101,7;2,521
"75";2020;3;"Phlppn";"2020/3";14,161;41,004;261,388;76,014;64,24;589;3,24;0,021819914628294;3,17;2,19;81,63;20,87;73,22;0,7;6,19;70,13;67,14;8,55;0,089;0,00086913;101,4713;2,546
"76";2020;4;"Shangh";"2020/4";13,924;45,307;224,247;70,369;58,62;359;0,95;0,0170004480447033;6,1;1,88;79,75;33,49;63,11;0,95;6,69;54,39;77,73;7,7;0,42;0,00124236;100,9643;2,602
"77";2020;4;"Peking";"2020/4";3,233;44,945;127,248;78,605;28,09;1806;1,75;0,0566915548677071;4,19;2,16;75,34;16,83;12,07;0,91;6,79;28,98;70,78;7,28;0,067;-0,00085037;99,0475;2,654
"78";2020;4;"Japan";"2020/4";6,726;38,109;157,448;61,033;37,6;1878;0,23;0,0319118086908169;5,72;2,63;90,58;29,79;229,65;0,9;6,61;84,3;61,97;7,39;0,157;0,00116683;100,6842;2,564
"79";2020;4;"Skorea";"2020/4";8,66;40,159;166,788;64,347;38,06;58;3,46;0,0376922171098517;2,46;5,49;56,49;53,99;56,73;0,73;6,24;51,48;49,69;6,96;0;0,01339078;101,6865;2,419
"80";2020;4;"Phlppn";"2020/4";19,272;27,412;235,913;69,365;61,48;606;2,29;0,0229854877581359;3,17;2,37;82,54;20,47;64,02;0,68;6,69;70,49;66,51;8,74;0;0,00092955;101,4771;2,541
"81";2020;5;"Shangh";"2020/5";15,456;57,363;282,189;67,882;62,17;326;1,1;0,0166826505917515;5,57;2,16;83,11;32,85;67,48;0,98;7,08;54,54;79,35;7,97;0,268;0,001294;101,0548;2,62
"82";2020;5;"Peking";"2020/5";9,37;56,512;242,74;76,098;27,17;1828;1,56;0,0545533195394382;3,98;2,43;75,83;18,55;13,93;0,98;6,75;30,66;71,15;7,61;0,085;-0,00085919;99,0714;2,545
"83";2020;5;"Japan";"2020/5";18,398;47,982;210,641;51,946;42,07;1759;0,26;0,0312049160808588;6,69;2,52;91,44;29,3;211,77;0,91;7,17;86,23;60,45;7,2;0,231;0,00114102;100,6349;2,547
"84";2020;5;"Skorea";"2020/5";15,896;57,735;264,111;66,958;55,42;67;3,43;0,0331331061222845;2,1;5,52;55,54;55,48;52,1;0,77;6,33;52,01;49,22;7,12;0,178;0,0133591;101,594;2,318
"85";2020;5;"Phlppn";"2020/5";18,589;6,789;302,696;78,906;81,72;691;3,07;0,0225444849085016;2,98;2,29;82,18;19,65;68,12;0,71;6,64;70;65,36;8,33;0;0,00103708;101,6649;2,576
"86";2020;6;"Shangh";"2020/6";18,753;16,014;308,106;55,378;51,67;343;1,14;0,0171477522696426;5,42;2,36;82,01;34,32;68,48;0,84;7,11;56,28;78,84;8,07;0,183;0,00134137;101,0245;2,466
"87";2020;6;"Peking";"2020/6";13,455;73,43;191,6;79,623;26,73;1985;1,62;0,054216574827537;3,97;2,9;75,58;19,25;13,4;0,96;6,67;30,86;72,14;8,05;0,037;-0,00086809;99,0143;2,69
"88";2020;6;"Japan";"2020/6";15,512;83,582;234,329;57,831;54,88;1836;0,26;0,0338809690333442;6,8;2,11;92,14;28,98;232,49;0,98;6,14;86,32;60,38;7,66;0,105;0,00111696;100,7622;2,558
"89";2020;6;"Skorea";"2020/6";18,092;75,643;259,821;67,387;50,61;83;2,44;0,0341503869969317;2,1;5,8;56,31;54,84;55,54;0,75;7,77;50,87;49,83;7,09;0;0,01332028;101,5295;2,286
"90";2020;6;"Phlppn";"2020/6";24,576;2,449;322,191;75,052;80,58;698;1,92;0,0232946055778226;3,11;2,53;82,99;19,68;76,22;0,62;6,63;68,89;66,29;8,23;0;0,00101534;101,5902;2,456
"91";2020;7;"Shangh";"2020/7";16,353;4,322;351,308;51,53;61,41;328;1,17;0,0153989607845441;6,45;2,24;81,59;33,2;64,57;0,9;6,03;55,28;79,58;7,45;0,264;0,00138889;101,0057;2,459
"92";2020;7;"Peking";"2020/7";13,141;89,921;159,248;73,601;25,48;2210;1,97;0,0512179003592224;4,27;2,99;75,17;18,14;14,9;0,86;7,21;32,3;71,66;8,52;0,101;-0,00080328;98,972;2,5
"93";2020;7;"Japan";"2020/7";17,464;56,694;212,456;59,783;47,87;2122;0,21;0,0286016420652372;6,51;1,8;94,11;28,9;243,77;0,91;7,28;85,67;60,2;7,47;0,177;0,00116454;100,7651;2,549
"94";2020;7;"Skorea";"2020/7";23,261;80,776;273,632;64,456;47,37;62;3,02;0,032806567532307;2,13;5,6;55,41;54,54;58,74;0,69;7,95;49,9;49,04;6,83;0,13;0,0133551;101,3574;2,372
"95";2020;7;"Phlppn";"2020/7";21,675;0;396,356;62,787;60,1;636;3,09;0,0226725898505006;3,21;2,6;83,1;21,28;70,62;0,67;6,49;68,4;67,01;8,5;0,134;0,00097503;101,4931;2,566
"96";2020;8;"Shangh";"2020/8";22,027;7,282;387,004;52,705;48,02;313;1,35;0,0172738356646316;6,8;2,07;81,96;33,76;68,46;0,9;6,79;54,96;78,83;7,67;0,191;0,00138698;100,9705;2,408
"97";2020;8;"Peking";"2020/8";18,487;85,631;177,958;75,779;24,83;2057;1,54;0,0559356245429648;4,15;2,79;74,44;17,6;12,49;0,94;7,7;32,09;71,26;8,23;0,306;-0,00087448;99,0294;2,532
"98";2020;8;"Japan";"2020/8";19,226;63,542;199,878;58,89;45,03;1867;0,25;0,0348873520870199;6,49;1,78;94,98;29,22;243,07;0,98;6,72;86,28;60,58;7,09;0,391;0,00117628;100,8287;2,481
"99";2020;8;"Skorea";"2020/8";20,207;56,251;293,593;68,351;53,2;58;3,11;0,0337469995419585;2,24;5,21;56,15;55,46;55,6;0,75;5,87;49,95;48,84;6,66;0;0,01331811;101,2802;2,354
"100";2020;8;"Phlppn";"2020/8";27,573;6,73;320,797;65,143;79,14;809;2,6;0,0228968885644888;3,18;2,76;82,82;20,49;70,55;0,78;6,8;68,57;67,06;8,46;0,189;0,000955;101,6134;2,509
"101";2020;9;"Shangh";"2020/9";24,554;28,139;238,612;55,827;60,51;356;1,17;0,0175667196923722;5,44;1,78;81,13;32,56;65,35;0,96;6,5;53,39;79,82;8,21;0,013;0,00146512;100,9079;2,456
"102";2020;9;"Peking";"2020/9";13,973;96,725;109,792;81,999;30,58;2153;1,5;0,0490530961000949;3,55;2,76;75;17,56;12,51;0,98;6,47;32,51;71,03;8,67;0,01;-0,00094403;98,9466;2,497
"103";2020;9;"Japan";"2020/9";13,364;49,338;155,829;67,199;38,84;1536;0,22;0,0338694729768902;6,39;2,23;94,04;27,74;240,01;0,98;6,38;85,93;59,37;7,53;0,194;0,001224;100,9026;2,605
"104";2020;9;"Skorea";"2020/9";13,812;60,009;209,168;68,207;52,47;66;3,02;0,0327533120437081;2,1;5,39;56,63;57,06;55,17;0,7;6,58;51,14;48,27;7,01;0;0,01325428;101,3616;2,365
"105";2020;9;"Phlppn";"2020/9";22,62;42,106;268,739;80,367;61,65;710;2,55;0,0232714043978355;3,22;2,79;83,66;20,56;71,02;0,66;6,08;67,1;65,74;8,64;0,158;0,00098426;101,4929;2,496
"106";2020;10;"Shangh";"2020/10";19,917;88,503;250,718;62,101;56,82;331;1,26;0,0172686539905428;5,13;1,67;80,95;31,47;61,86;0,89;6,3;53,64;80,51;7,8;0,069;0,00156629;100,8271;2,683
"107";2020;10;"Peking";"2020/10";6,643;82,167;63,905;75,697;25,82;2289;1,69;0,0526298232455015;3,1;2,64;76,75;18,29;14,18;0,87;6,82;32,74;73,55;8,17;0,034;-0,0009099;99,0146;2,562
"108";2020;10;"Japan";"2020/10";11,501;39,219;112,721;71,827;48,78;1887;0,24;0,0318914538668958;6,77;2,26;92,54;28,13;209,1;0,86;6,55;86,26;61,34;7,88;0,009;0,0012417;100,8774;2,674
"109";2020;10;"Skorea";"2020/10";10,201;40,508;123,152;81,224;51,18;64;3,12;0,036856729842563;2,1;5,17;56,44;59,62;59,39;0,73;6,37;51,55;48,84;7,52;0,102;0,01328218;101,306;2,489
"110";2020;10;"Phlppn";"2020/10";21,642;91,648;226,729;78,38;56,43;692;2,75;0,0192431749074763;2,95;3,04;83,46;20,91;70,54;0,67;6,78;67,65;65,16;8,39;0,067;0,00091343;101,5786;2,646
"111";2020;11;"Shangh";"2020/11";14,471;91,264;185,117;84,845;68,82;327;1,29;0,0162569104861129;6,8;1,34;82,72;32,85;61,56;0,98;6,02;53,51;81,15;8,28;0,207;0,00159832;100,8668;2,583
"112";2020;11;"Peking";"2020/11";-0,636;67,042;30,974;81,939;23,25;2014;1,76;0,0556707540194349;3,38;2,73;76,8;19,8;13,96;0,97;7,15;33,11;72,42;8,17;0;-0,00089724;98,985;2,543
"113";2020;11;"Japan";"2020/11";0,721;49,211;56,486;78,781;47,53;1849;0,18;0,0295068224892331;6,8;2,07;92,85;27,54;220,24;0,98;6,76;86,44;61,53;8,16;0,342;0,00120842;100,8396;2,55
"114";2020;11;"Skorea";"2020/11";5,323;47,383;53,353;87,841;65,41;63;2,98;0,0365689407192485;2,1;5,28;57,12;60,43;57,54;0,67;6,62;52,78;49,48;7,31;0,074;0,01321921;101,1092;2,496
"115";2020;11;"Phlppn";"2020/11";15,988;71,007;209,175;76,48;75,78;689;2,34;0,0247027946856706;3,05;3,21;84,88;20,11;67,91;0,73;6,3;68,12;64,69;8,54;0,195;0,00090237;101,5894;2,61
"116";2020;12;"Shangh";"2020/12";14,157;139,351;133,125;76,324;49,66;308;1,09;0,0174061680283629;6,22;1,38;82,83;33,11;70,76;0,86;6,31;52,19;81,14;8,45;0,336;0,00154369;100,6313;2,534
"117";2020;12;"Peking";"2020/12";-3,595;79,584;8,749;76,542;34,67;2252;2;0,0522103296672479;3,52;2,63;78,77;20,69;14,46;0,98;7,4;32,62;73,52;8,87;0,057;-0,00088961;99,0759;2,695
"118";2020;12;"Japan";"2020/12";2,172;56,013;36,75;84,576;38,6;2034;0,19;0,0294769586971135;6,17;1,97;91,5;29,35;182,79;0,98;6,21;87,21;62,55;8,34;0,109;0,00126889;100,6925;2,6
"119";2020;12;"Skorea";"2020/12";-1,532;53,343;31,087;76,688;44,59;67;3,55;0,0339889104811663;2,17;5,09;58,08;61,51;59,4;0,76;6,63;53,1;50,32;7,27;0,1;0,01329342;101,1246;2,432
"120";2020;12;"Phlppn";"2020/12";10,557;109,94;163,266;81,856;78,06;693;2,31;0,0228008305603827;3,01;2,71;86,03;19,61;65,59;0,73;6,58;69,1;63,59;8,4;0,157;0,00079067;101,5162;2,61
"121";2021;1;"Shangh";"2021/1";11,973;96,465;153,763;75,077;57,88;351;1,12;0,0159497312476133;6,77;1,4;85,42;34,8;64,54;0,86;6,59;52,64;81,35;8,3;0,136;0,00149963;100,7685;2,694
"122";2021;1;"Peking";"2021/1";-0,127;70,759;22,324;77,149;29,99;2071;1,49;0,0484431823457844;3,52;2,89;78,62;21,52;13,56;0,95;7,67;34,17;75,02;8,49;0,116;-0,00087385;99,1332;2,579
"123";2021;1;"Japan";"2021/1";3,83;44,664;50,337;82,713;43,89;1429;0,24;0,0314188661171011;6,37;1,97;91,6;29,97;220,42;0,8;5,67;86,99;62,73;8,46;0,101;0,00128804;100,6917;2,612
"124";2021;1;"Skorea";"2021/1";-2,349;27,25;39,975;88,594;51,87;70;2,93;0,034081827577234;2,14;5,2;58,82;60,5;50,37;0,76;7,33;53,69;48,63;7,17;0;0,01328228;101,1373;2,412
"125";2021;1;"Phlppn";"2021/1";15,763;86,393;170,132;82,789;69,71;635;2,92;0,0218691016038801;3,77;2,55;84,93;19,61;69,66;0,69;6,52;68,97;63,08;8,51;0,213;0,00073455;101,6521;2,6
"126";2021;2;"Shangh";"2021/2";11,623;94,999;165,289;78,577;55,15;261;1,36;0,0168950610391237;6,11;1,47;85,5;35,06;65,09;0,84;6,83;53,6;81,36;8,22;0,409;0,0014834;100,7771;2,867
"127";2021;2;"Peking";"2021/2";-0,141;58,289;65,912;81,14;24,08;2225;1,79;0,0525342025251833;3,21;2,71;79;21,93;14,2;0,9;6,66;34,7;75,06;8,91;0,095;-0,00092203;99,2178;2,453
"128";2021;2;"Japan";"2021/2";0,063;31,136;67,878;77,296;41,25;1596;0,26;0,0334114042384882;5,45;2;92;29,96;216,35;0,95;6,5;87,98;63,19;8,42;0,028;0,00127665;100,8828;2,595
"129";2021;2;"Skorea";"2021/2";-5,499;44,934;67,133;84,031;52,65;67;3,34;0,033350922354629;2,14;5,43;57,09;62,73;58,76;0,83;6,36;53,09;47,67;7,2;0,066;0,01335536;101,3427;2,391
"130";2021;2;"Phlppn";"2021/2";13,711;59,382;175,859;87,65;59,02;572;2,06;0,0225022090515913;3,62;2,52;85,85;17,85;68,54;0,66;6,82;69,18;62,51;8,1;0,126;0,00071981;101,5476;2,561
"131";2021;3;"Shangh";"2021/3";14,45;55,136;215,678;63,809;57,95;294;1,59;0,0155700620025753;6,8;1,59;84,91;36,95;75,34;0,94;6,27;51,94;82,68;8,48;0,121;0,00145994;100,5672;2,74
"132";2021;3;"Peking";"2021/3";2,652;50,549;113,91;78,442;28,33;2123;1,38;0,0528802698642273;3,28;2,94;79,55;24,02;13,72;0,92;7,33;34,77;75,62;9,5;0;-0,00089394;99,1084;2,604
"133";2021;3;"Japan";"2021/3";5,602;42,46;119,255;69,636;52,22;1644;0,22;0,0272609212774241;6;1,89;93,95;30,33;231,86;0,94;6,79;88,5;63,84;8,11;0,072;0,00134821;101,0347;2,631
"134";2021;3;"Skorea";"2021/3";2,569;38,6;112,235;81,992;45,05;71;2,3;0,0334620875742764;2,7;5,39;57,59;62,95;54,63;0,79;6,13;54,11;47,51;7,16;0,243;0,01335652;101,3985;2,361
"135";2021;3;"Phlppn";"2021/3";10,017;38,908;224,794;83,134;71,72;804;3,03;0,0230458003080304;3,35;2,46;84,5;18,13;61,81;0,62;6,07;67,73;62,52;8,13;0;0,00079172;101,5376;2,506
"136";2021;4;"Shangh";"2021/4";10,707;62,845;235,809;75,774;63,89;319;1,4;0,0169769198797254;5,86;1,76;83,9;37,13;65,95;0,98;6,01;50,31;81,89;8,5;0,102;0,00153612;100,5373;2,686
"137";2021;4;"Peking";"2021/4";2,794;43,982;164,169;80,505;16,92;2332;2;0,0543868143388168;3,29;2,95;79,85;23,02;14,75;0,98;6,95;35,19;73,45;9,5;0,096;-0,00085017;99,1319;2,744
"138";2021;4;"Japan";"2021/4";4,2;44,212;163,405;60,822;48,34;1659;0,23;0,0311614073443293;6,66;2,15;93,63;29,57;235,1;0,94;6,66;89,59;63,36;8,11;0,14;0,00131295;101,1591;2,605
"139";2021;4;"Skorea";"2021/4";8,032;45,93;179,022;66,267;54,37;66;3,1;0,0351681230938428;2,35;5,56;56,11;62,85;54,28;0,66;5,85;54,75;46,34;7,18;0,111;0,01330795;101,5328;2,564
"140";2021;4;"Phlppn";"2021/4";20,534;24,939;237,576;81,158;63,6;651;2,18;0,0188921382466854;3,01;2,62;86,81;17,85;64,98;0,74;5,82;67,04;61,77;8,17;0;0,00078286;101,5981;2,592
"141";2021;5;"Shangh";"2021/5";14,141;61,478;278,95;59,323;59,28;347;1,27;0,0166107994336213;5,73;1,71;83,35;36,22;64,16;0,95;6,59;52,3;81,33;8,81;0,218;0,001452;100,5219;2,613
"142";2021;5;"Peking";"2021/5";9,936;66,97;227,873;77,677;27,57;2020;1,55;0,0532053059541993;3,28;3,05;80,06;22,24;14,93;0,96;7,07;34,86;71,38;9,47;0,038;-0,00094047;99,0271;2,549
"143";2021;5;"Japan";"2021/5";14,646;43,188;219,853;60,689;54,77;1643;0,22;0,0295867294005535;5,36;2,08;91,95;27,82;236,93;0,98;6,89;89,81;60,46;8,66;0,179;0,00136504;101,0379;2,539
"144";2021;5;"Skorea";"2021/5";20,796;52,947;243,038;57,307;46,87;73;3,24;0,0338201530579328;2,3;5,36;54,18;64,39;55,07;0,71;7,1;53,77;47,42;7,48;0,24;0,01332457;101,6607;2,466
"145";2021;5;"Phlppn";"2021/5";20,138;7,755;330,454;76,683;65,61;769;2,82;0,0207689821642196;3,17;2,53;87,26;16,84;72,12;0,66;6,65;67,9;59,86;7,65;0;0,00078536;101,3423;2,486
"146";2021;6;"Shangh";"2021/6";19,948;15,733;303,265;62,955;41,74;326;1,77;0,0173892904916832;6,8;1,81;83,62;34,46;65,75;0,91;6,51;52,37;79,82;9,07;0,355;0,00135871;100,5709;2,599
"147";2021;6;"Peking";"2021/6";5,429;58,807;186,253;80,289;26,1;2041;1,73;0,0507203665936175;4,31;3,37;79,01;21,8;13,41;0,98;6,97;35,91;71,43;9,5;0;-0,00101813;98,8987;2,489
"148";2021;6;"Japan";"2021/6";16,197;68,066;229,851;57,637;46,02;1743;0,19;0,0282995696537035;6,2;2,04;91,34;29,44;228,75;0,87;6,28;89,03;60,54;8,1;0,067;0,00141953;100,8969;2,521
"149";2021;6;"Skorea";"2021/6";16,114;85,752;314,86;63,557;59,77;79;2,86;0,031718050310328;2,32;5,1;53,39;64,48;56,69;0,88;7;53,11;46,53;7,52;0;0,01327343;101,766;2,412
"150";2021;6;"Phlppn";"2021/6";19,698;2,92;392,574;69,381;71,52;726;2,46;0,023531785635946;2,89;2,68;87,77;15,93;65,18;0,65;7,08;68,42;60,76;7,54;0,179;0,00078321;101,3434;2,479
"151";2021;7;"Shangh";"2021/7";22,711;3,8;317,596;47,935;61,86;306;1,41;0,0171374787393877;6,56;1,65;85,04;33,64;55,72;0,79;5,98;51,32;79,64;8,55;0,294;0,0013368;100,5264;2,755
"152";2021;7;"Peking";"2021/7";16,22;93,946;191,98;84,491;29,44;1994;1,17;0,05573973265209;3,75;3,22;79,87;22,22;12,74;0,97;6,73;35,64;72,58;9,33;0,038;-0,00105003;98,94;2,449
"153";2021;7;"Japan";"2021/7";18,235;58,327;205,747;62,886;39,3;1816;0,19;0,0310263993547923;5,84;2,3;91,88;27,62;208,55;0,9;6,34;88,8;59,76;7,95;0,035;0,0014873;100,9337;2,35
"154";2021;7;"Skorea";"2021/7";15,205;79,727;303,671;66,716;41,29;68;3;0,0344062208436346;2,33;5,18;51,7;63,87;46,7;0,74;6,28;54,16;46,75;7,19;0;0,01324518;101,6808;2,616
"155";2021;7;"Phlppn";"2021/7";30,724;0;410,477;65,944;72,37;649;3,1;0,0217675846556265;3,32;2,71;87,05;16,63;67,38;0,8;6,95;69,53;61,38;7,5;0,009;0,00082442;101,229;2,54
"156";2021;8;"Shangh";"2021/8";20,645;6,254;325,371;49,924;54,55;307;1,2;0,0165908860617688;6,33;1,91;85,09;31,87;67,07;0,86;7,57;51,79;78,81;8,62;0,392;0,00131222;100,4659;2,689
"157";2021;8;"Peking";"2021/8";15,17;99,352;161,901;78,784;35,49;2003;1,53;0,0553119201514888;3,03;3,1;79,58;21,65;12,61;0,93;6,78;35,01;72,3;9,49;0,027;-0,00107466;98,8751;2,464
"158";2021;8;"Japan";"2021/8";21,104;62,42;185,621;64,603;46,21;1799;0,2;0,0328540438272313;5,17;2,09;91,8;28,27;236,38;0,93;5,79;88,12;60,08;7,88;0,109;0,00142642;101,0542;2,7
"159";2021;8;"Skorea";"2021/8";19,26;47,633;240,579;66,359;45,61;58;2,81;0,0335905765419332;2,1;5,38;51,8;63,17;51,84;0,76;6,96;53,44;46,5;7,24;0,164;0,01322077;101,7496;2,509
"160";2021;8;"Phlppn";"2021/8";22,404;6,127;365,572;79,783;55,6;709;2,36;0,0204775349327222;2,88;3,05;86,86;15,69;60,72;0,7;5,97;68,74;62,65;7,69;0,198;0,00077442;101,2545;2,601
"161";2021;9;"Shangh";"2021/9";18,2;27,103;279,195;54,152;53,13;324;1,36;0,0160002528172758;6,8;2,05;84,24;31,66;76,31;0,78;6,05;53,01;78,58;8,43;0,054;0,00132247;100,5247;2,825
"162";2021;9;"Peking";"2021/9";9,656;105,615;108,448;84,278;28,82;2252;1,35;0,0553638058481025;3,59;2,9;81,95;20,39;12,55;0,97;7,17;34,5;75,03;9,21;0,288;-0,00109805;98,8094;2,418
"163";2021;9;"Japan";"2021/9";14,98;32,694;155,96;59,911;58,04;1667;0,25;0,0311892075054094;6,42;1,96;90,76;30,02;217,92;0,87;6,35;87,56;59,83;7,32;0,055;0,00131791;100,9953;2,564
"164";2021;9;"Skorea";"2021/9";13,215;56,117;190,916;68,131;57,33;65;2,95;0,0365850962036841;2,28;5,53;52,16;63,96;51,9;0,78;6,91;53,43;45,61;6,8;0,07;0,01315137;101,7114;2,732
"165";2021;9;"Phlppn";"2021/9";26,97;36,042;258,775;77,653;75,81;610;2,4;0,0221803948355149;2,88;3,03;86,75;15,32;71,26;0,8;5,85;67,85;61,81;7,98;0;0,00076865;101,1897;2,716
"166";2021;10;"Shangh";"2021/10";18,258;84,966;231,49;67,609;36,25;343;1,34;0,0155323241923534;6,07;2,12;85,62;31,79;63,53;0,93;6,79;52,21;75,78;8,42;0,278;0,00136086;100,6737;2,814
"167";2021;10;"Peking";"2021/10";7,65;74,562;61,411;77,943;30,6;2065;1,71;0,0547635289942972;3,64;2,85;83,66;20,12;12,51;0,98;6,78;33,56;74,62;9,01;0;-0,00112007;98,9775;2,635
"168";2021;10;"Japan";"2021/10";7,232;39,479;118,273;66,459;54,44;1680;0,24;0,0275617120297455;5,97;2,02;89,11;29,71;217,67;0,92;6,68;86,44;59,86;7,35;0,084;0,00135849;101,1265;2,644
"169";2021;10;"Skorea";"2021/10";5,051;40,194;117,021;70,922;54,41;72;2,69;0,0339883958860002;2,29;5,62;52,01;65,22;49,91;0,74;6,84;54,74;46,69;6,67;0,089;0,01308602;101,8367;2,629
"170";2021;10;"Phlppn";"2021/10";23,32;81,299;220,353;75,58;69,93;748;2,91;0,0221362589164694;3,15;2,76;86,35;16,42;65,86;0,72;7,05;68,2;59,29;8,18;0,086;0,00080965;101,3973;2,611
"171";2021;11;"Shangh";"2021/11";11,119;102,863;161,076;82;50,87;261;1,35;0,0188831710683154;6,02;2,36;85,64;32,18;66,56;0,97;7,05;50,83;75,61;7,95;0,182;0,00133371;100,8478;2,82
"172";2021;11;"Peking";"2021/11";1,097;82,883;31,695;68,956;31,2;2067;1,26;0,0528440302859786;4,06;2,5;83,46;20,99;13,25;0,98;6,99;30,66;73,91;8,7;0;-0,00107612;99,0543;2,77
"173";2021;11;"Japan";"2021/11";1,457;45,427;49,41;80,765;47,48;1851;0,22;0,0333589951692378;6,8;1,99;87,97;29,66;219,77;0,95;6,64;86;59,85;7,66;0,245;0,00137066;101,1058;2,866
"174";2021;11;"Skorea";"2021/11";-0,368;42,124;44,354;84,945;31,54;70;3,42;0,0329768589584213;2,36;5,92;53,53;66,42;55,29;0,85;6,74;54,71;46,67;6,23;0;0,01305957;101,9991;2,657
"175";2021;11;"Phlppn";"2021/11";18,768;79,438;193,785;81,583;70,11;584;2,89;0,020901197349302;3,44;2,39;85,79;16,67;68,9;0,77;6,99;68,38;59,19;8,19;0,011;0,00089199;101,4783;2,677
"176";2021;12;"Shangh";"2021/12";11,312;136,353;149,168;88,062;55,94;323;1,64;0,0169285508833562;6,36;2,34;88,31;32,06;59,65;0,81;7,03;50,66;75,2;7,29;0,177;0,00137104;100,7209;2,801
"177";2021;12;"Peking";"2021/12";-0,137;97,565;8,743;74,096;21,27;2196;1,87;0,0544458922472514;3,37;2,68;85,43;18,85;14,88;0,8;6,37;30,34;74,57;8,61;0,012;-0,00109723;98,8846;2,764
"178";2021;12;"Japan";"2021/12";2,326;55,719;37,246;87,916;50,1;1661;0,22;0,0332779563374056;6,6;2,49;86,88;29,9;229,78;0,98;5,94;87,44;59,22;7,45;0,031;0,00130312;101,2499;2,886
"179";2021;12;"Skorea";"2021/12";-4,548;41,114;28,666;91,514;40,03;69;3,24;0,0348943578913806;2,39;5,95;52,93;68,2;55,69;0,74;6,68;54,6;48,33;6,41;0,156;0,01307302;102,1181;2,824
"180";2021;12;"Phlppn";"2021/12";10,493;112,346;158,028;78,304;47,34;621;2,57;0,0205601197752485;3,56;2,6;86,23;17,85;65,39;0,61;7,14;68,09;59,75;8,25;0;0,00084192;101,5004;2,807
"181";2022;1;"Shangh";"2022/1";15,98;90,537;133,749;80,588;63,66;346;0,95;0,0157760675057113;6,8;2,61;88,27;30,25;67,3;0,83;7,49;50,54;75,31;7,59;0,146;0,00140731;100,7884;2,804
"182";2022;1;"Peking";"2022/1";-3,862;87,065;24,486;72,197;30,22;2197;1,61;0,057418262297647;4,45;2,89;85,81;18,69;13,08;0,98;7,37;30,19;74,47;8,21;0;-0,00110852;98,7083;2,796
"183";2022;1;"Japan";"2022/1";1,387;45,763;43,995;83,503;43,13;1562;0,24;0,0296946315996218;5,99;2,38;86,42;30,77;250,62;0,98;5,53;86,03;59,55;7,71;0;0,00135178;101,283;2,834
"184";2022;1;"Skorea";"2022/1";-4,482;36,849;44,713;84,735;63,16;72;3,87;0,0348122763436532;2,1;5,91;52,85;67,46;57,34;0,76;7,11;55,55;48,6;6,41;0,106;0,01309047;102,1515;2,651
"185";2022;1;"Phlppn";"2022/1";9,667;92,538;171,832;81,473;79,09;803;2,49;0,0223479329114365;2,98;2,74;85,38;17,65;71,01;0,66;8,09;67,8;60,15;8,64;0,198;0,00084635;101,4774;2,651
"186";2022;2;"Shangh";"2022/2";9,969;80,976;167,635;76,163;46,39;352;1,49;0,0183182098826378;6,56;2,89;88,11;28,58;72,67;0,94;6,3;51,19;74,33;8,07;0,259;0,00136647;100,7786;2,862
"187";2022;2;"Peking";"2022/2";0,757;60,951;65,455;76,329;26,62;1788;1,47;0,0535110752105278;3,62;3,12;88,33;19,5;15,05;0,84;7,65;28,82;74,54;7,8;0,082;-0,00115215;98,6269;2,806
"188";2022;2;"Japan";"2022/2";1,831;33,966;71,997;83,622;42,35;1600;0,24;0,029368758339843;5,14;2,37;85,99;31,27;234,88;0,87;5,68;85,03;59,08;7,87;0,23;0,0012507;101,2302;2,866
"189";2022;2;"Skorea";"2022/2";-5,589;37,796;68,694;87,62;46,34;65;3,15;0,0372319054796826;2,1;6,25;51,7;69,51;58,78;0,82;6,39;55,89;50,16;6,6;0,158;0,01306422;102,1641;2,724
"190";2022;2;"Phlppn";"2022/2";15,27;65,62;183,238;72,739;71,27;785;2,31;0,0214187563209801;2,89;2,62;85,24;17,99;61,39;0,62;6,34;67,42;60,89;8,1;0,053;0,00091814;101,396;2,687
"191";2022;3;"Shangh";"2022/3";11,375;49,492;206,291;67,142;61,08;314;1,15;0,0157920250381361;6,8;3;87,95;27,36;66,33;0,9;6,47;52,17;74,31;8,39;0,365;0,00133085;100,7982;2,875
"192";2022;3;"Peking";"2022/3";-0,176;45,986;133,315;71,992;25,77;1877;1,35;0,0518796577220494;3,78;3,33;88,64;18,31;14,83;0,82;8,11;29,87;76,03;7,63;0,133;-0,00117891;98,4266;2,841
"193";2022;3;"Japan";"2022/3";7,52;36,679;124,04;65,49;42,47;1944;0,19;0,033336707128702;6,4;2,48;86,47;31,34;204,93;0,98;6,45;86,95;58,51;7,47;0;0,00128991;101,4138;2,854
"194";2022;3;"Skorea";"2022/3";-2,203;40,916;113,034;82,205;45,38;67;3,12;0,0327566208176807;2,46;6,13;51,71;68,81;58,95;0,73;7,13;56,87;49,37;6,19;0,126;0,01313304;102,3551;2,754
"195";2022;3;"Phlppn";"2022/3";10,711;38,916;235,224;77,903;75,4;646;2,42;0,0218289184888611;3,1;2,59;82,95;15,9;69,1;0,67;7,15;66,28;60,8;8,01;0,143;0,00087662;101,4685;2,684
"196";2022;4;"Shangh";"2022/4";15,521;70,696;242,121;69,341;50,23;353;1,06;0,0182354994892689;6,49;2,81;87,76;29,82;61,08;0,86;5,6;50,79;72,95;7,93;0,057;0,00134298;100,6193;2,848
"197";2022;4;"Peking";"2022/4";2,955;45,773;173,273;74,56;26,29;2125;1,98;0,055196955037107;3,54;3,31;88,78;18,76;12,59;0,92;7,55;30,71;77,68;7,87;0;-0,00111617;98,3232;2,782
"198";2022;4;"Japan";"2022/4";6,574;38,999;168,338;60,781;53,85;1779;0,2;0,0315893411523099;4,67;2,44;85,65;29,42;218,22;0,8;6,42;87,55;59,62;7,37;0,205;0,00127907;101,4293;2,862
"199";2022;4;"Skorea";"2022/4";10,477;38,622;144,929;72,694;39,02;66;2,33;0,0350139770690388;2,28;6,04;53;68,15;59,23;0,75;7,27;56,96;49,06;6,22;0,067;0,01313778;102,3978;2,9
"200";2022;4;"Phlppn";"2022/4";15,442;26,945;245,163;79,939;80,75;680;2,31;0,0223881076652638;2,56;2,24;83,01;15,08;62,44;0,69;6,49;67,06;60,79;8,31;0,014;0,00089095;101,5237;2,88
"201";2022;5;"Shangh";"2022/5";16,305;51,693;283,035;65,454;69,63;285;1,46;0,0181510779418487;6,3;3,02;88,58;29,25;66,04;0,87;7,08;49,83;73,61;7,82;0,192;0,00128807;100,6643;2,8
"202";2022;5;"Peking";"2022/5";5,116;36,216;222,671;80,312;28,9;2076;1,7;0,0552208353860729;4,1;3,24;90,05;19,19;13,84;0,88;7,18;30,42;76,45;7,45;0,136;-0,0011311;98,5072;2,808
"203";2022;5;"Japan";"2022/5";16,781;53,735;224,567;59,917;46,42;1785;0,22;0,0312413600751814;6,44;2,38;86,28;29,24;237,38;0,93;6,68;88,74;59,08;7,39;0,255;0,00131429;101,4812;2,798
"204";2022;5;"Skorea";"2022/5";22,76;60,614;260,041;61,773;43,65;70;2,89;0,0326908375764571;2,38;5,87;52,15;67,78;53,58;0,81;7,21;58,31;49,89;6,47;0,12;0,01311561;102,5499;2,899
"205";2022;5;"Phlppn";"2022/5";16,818;6,712;301,825;71,049;62,1;597;2,55;0,0223960861142962;2,66;1,94;84,72;15,96;60,18;0,63;6,77;67;60,11;8,47;0,048;0,0009526;101,5351;2,815
"206";2022;6;"Shangh";"2022/6";24,965;15,222;259,988;55,873;56,37;289;1,2;0,017055579511428;6,47;3,04;88,36;30;67,12;0,8;6,95;49,75;75,16;7,68;0,138;0,00128251;100,568;2,892
"207";2022;6;"Peking";"2022/6";13,197;68,414;210,178;76,347;25,97;2247;1,93;0,0560690202804089;3,51;2,89;90,14;20,35;14,32;0,91;7,66;29,12;75,41;7,65;0;-0,00103742;98,4585;2,8
"208";2022;6;"Japan";"2022/6";18,338;63,774;230,864;59,788;46,27;1605;0,19;0,0306663620979762;6,8;2,28;85;29,68;252,33;0,86;6,3;89,78;58,96;7,45;0;0,00130977;101,5585;2,732
"209";2022;6;"Skorea";"2022/6";18,185;86,484;243,395;68,451;54,81;64;2,9;0,031612891890898;2,1;5,91;51,79;68,28;57,66;0,75;6,43;57,74;50,86;6,35;0,273;0,01317995;102,506;2,862
"210";2022;6;"Phlppn";"2022/6";29,536;2,862;384,608;73,332;81,73;720;2,63;0,0216960461971795;3,05;1,89;83,55;14,83;66,98;0,72;6,42;65,33;57,68;8,59;0,084;0,0009592;101,4902;2,805
"211";2022;7;"Shangh";"2022/7";24,099;4,01;372,544;52,058;63,76;321;1,47;0,0171537980532615;6,8;3,16;87,65;28,54;68,31;0,92;6,35;48,17;74,73;7,87;0,125;0,00143203;100,4399;2,692
"212";2022;7;"Peking";"2022/7";11,972;101,6;190,7;80,605;25,31;2351;1,48;0,0529386092425294;3,74;3,12;90,37;22,52;13,34;0,87;8,48;29,41;75,66;7,19;0,005;-0,00098124;98,5691;2,73
"213";2022;7;"Japan";"2022/7";18,119;54,786;236,041;59,772;44,44;1829;0,19;0,0333643875694453;6,8;2,22;83;29,89;192,97;0,98;6,59;89,11;59,52;7,31;0,026;0,00130299;101,6014;2,711
"214";2022;7;"Skorea";"2022/7";25,848;70,208;293,594;64,305;48,68;62;3,39;0,036199691292391;2,3;5,76;51,98;68,9;55,87;0,74;7,06;57,31;50,95;5,86;0,2;0,01314979;102,6619;3,02
"215";2022;7;"Phlppn";"2022/7";22,551;0;344,008;70,502;54,87;722;2,61;0,0225726191666152;3,02;1,83;83,67;15,11;65,06;0,68;7,1;65,05;56,83;8,86;0,034;0,00086362;101,4966;2,787
"216";2022;8;"Shangh";"2022/8";19,824;5,383;373,765;51,549;70,74;294;1,67;0,0175377452904767;6,63;3,28;88,63;26,94;61,38;0,87;6,63;49,51;76,53;8,15;0,054;0,00150661;100,2867;2,678
"217";2022;8;"Peking";"2022/8";18,96;106,288;182,044;82,392;34,55;1959;1,62;0,0499062717781003;3,42;2,97;91,56;24,61;14,18;0,98;7,22;30,08;75,78;7,38;0;-0,00100352;98,5547;2,778
"218";2022;8;"Japan";"2022/8";14,482;50,318;197,639;57,403;46,21;1546;0,22;0,0301773761509504;6,67;2,37;84,09;31,27;247,15;0,9;7,26;89,51;59,74;7,71;0,167;0,00131528;101,5804;2,746
"219";2022;8;"Skorea";"2022/8";17,93;67,971;226,262;65,705;57,89;68;2,98;0,0345977061047459;2,3;5,79;51,17;69,34;61,82;0,8;6,91;55,44;50,19;5,44;0,02;0,01317518;102,6963;2,926
"220";2022;8;"Phlppn";"2022/8";25,851;6,937;333,674;74,656;69,38;639;2,45;0,021577949876816;3,15;1,75;83,85;15,15;66,92;0,69;5,65;65,09;56,95;8,62;0,053;0,00082369;101,5885;2,793
"221";2022;9;"Shangh";"2022/9";20,254;24,103;282,421;59,428;66,13;289;1,49;0,0179187637626484;5,35;3,24;89,13;27,16;68,45;0,93;6,41;50,62;77,36;7,85;0,111;0,00150989;100,2011;2,569
"222";2022;9;"Peking";"2022/9";10,014;94,16;122,246;82,346;30,47;2031;2,05;0,0560613777147965;3,47;2,83;92,9;23,95;14,54;0,89;7,26;29,43;74,67;7,71;0,026;-0,0010613;98,5324;2,717
"223";2022;9;"Japan";"2022/9";16,694;44,821;150,853;70,765;38,18;1949;0,26;0,0273352117584938;6,2;2,29;84,08;31,76;221,24;0,97;6,83;88,62;59,98;6,99;0,089;0,00139484;101,5962;2,618
"224";2022;9;"Skorea";"2022/9";17,687;52,035;179,996;70,788;51,79;70;3,19;0,0326758425733348;2,1;6,03;51,33;69,82;59,3;0,69;7,05;54,66;50,94;5,77;0,15;0,01323376;102,6251;2,875
"225";2022;9;"Phlppn";"2022/9";26,128;38,759;240,274;82,235;82,47;607;2,73;0,0221565468938247;2,96;1,7;83,82;17,24;65,24;0,55;6,21;64,09;54,91;8,38;0,143;0,00078931;101,6351;2,636
"226";2022;10;"Shangh";"2022/10";19,532;83,774;226,572;67,88;66,23;329;1,4;0,0165447474277815;6,5;3,24;89,33;28,22;67,92;0,98;7,17;50,97;76,65;7,88;0,25;0,00155374;100,0296;2,896
"227";2022;10;"Peking";"2022/10";4,518;83,212;57,918;84,816;26,67;2324;1,59;0,0554491440942812;2,6;3,11;91,87;22,56;14,04;0,94;7,25;28,93;74,39;7,97;0,172;-0,00098212;98,3409;2,658
"228";2022;10;"Japan";"2022/10";2,695;43,944;123,379;70,914;46,27;1617;0,24;0,0314673246885682;6,21;2,21;82,46;31,61;239,58;0,8;6,63;88,2;57,99;6,7;0,331;0,00138166;101,5852;2,65
"229";2022;10;"Skorea";"2022/10";3,855;36,49;101,246;82,495;47,52;63;3,07;0,0321216798305467;2,47;6,12;51,22;68,69;56,72;0,75;6,68;54,99;48,92;6,19;0,148;0,01331511;102,6479;2,965
"230";2022;10;"Phlppn";"2022/10";18,717;101,185;209,709;81,068;54,77;707;2,46;0,0222838824941676;3,6;1,56;85,04;18,94;65,19;0,78;7,43;62,86;54,55;8,62;0,055;0,00083241;101,6251;2,697
"231";2022;11;"Shangh";"2022/11";15,241;110,28;151,633;79,906;70,8;355;1,39;0,0178351980807875;5,51;2,62;87,8;29,91;71,02;0,95;6,45;50,93;76,46;7,74;0,054;0,00145008;100,0369;2,822
"232";2022;11;"Peking";"2022/11";2,765;77,42;33,096;83,593;25,93;1723;1,37;0,0522112672468916;3,27;3,39;90,96;22,21;14,64;0,97;7,2;28,65;73,52;7,77;0,062;-0,00103816;98,4596;2,642
"233";2022;11;"Japan";"2022/11";4,199;43,282;47,564;85,855;43,27;1610;0,24;0,032447930903855;6,57;1,75;83,29;32,66;244,55;0,98;5,89;87,95;58,22;6,61;0,03;0,00140803;101,6818;2,827
"234";2022;11;"Skorea";"2022/11";0,515;54,755;49,057;87,443;43,57;65;2,9;0,036771115421333;2,53;5,79;51,98;71,09;59,15;0,85;7,09;55,23;49,76;6,43;0;0,01331379;102,6418;2,869
"235";2022;11;"Phlppn";"2022/11";15,774;91,234;218,491;76,086;75;725;2,32;0,0238941720497191;2,7;1,25;85,67;19,85;55,4;0,66;6,67;63,82;51,85;8,49;0;0,00088659;101,6072;2,766
"236";2022;12;"Shangh";"2022/12";14,617;131,444;128,949;85,417;69,84;284;1,35;0,0166049343021893;6,59;2,57;88,41;30,75;58,98;0,97;6,54;52,4;77,26;8,2;0,197;0,0014753;99,9145;2,743
"237";2022;12;"Peking";"2022/12";-1,462;90,349;7,833;85,144;27,01;2490;2,24;0,055656846869278;3,87;3,21;90,79;24,8;14,49;0,79;7,45;29,37;74,77;7,38;0,092;-0,00112043;98,381;2,52
"238";2022;12;"Japan";"2022/12";5,316;53,918;35,341;95,94;50,04;1320;0,21;0,0276338738634492;5,25;2,24;82,57;32,78;215,69;0,98;6,61;88,27;59,21;5,95;0,078;0,00144827;101,6105;2,688
"239";2022;12;"Skorea";"2022/12";-2,08;52,063;33,582;88,333;56,59;74;3,52;0,0337486746072949;2,53;5,63;51,27;70,62;52,97;0,75;6,71;54,38;49,26;6,53;0,12;0,01336468;102,5298;2,771
"240";2022;12;"Phlppn";"2022/12";16,916;102,256;168,43;81,934;63,77;724;2,78;0,0203044721665074;2,67;1,25;84,76;20,77;63,35;0,72;6,64;64,41;50,23;8,98;0,064;0,00084787;101,5513;2,629
"241";2023;1;"Shangh";"2023/1";17,095;102,691;153,985;80,01;51,49;325;1,28;0,0172834431377969;6,8;2,49;88,53;31,22;61,42;0,93;6,43;52,62;77,78;8,4;0,077;0,00144983;100,0481;2,747
"242";2023;1;"Peking";"2023/1";-5,259;68,852;23,03;78,733;30,21;2032;1,44;0,0496366506355893;3,11;3,04;91,03;23,49;12,43;0,93;6,95;28,19;74,01;7,02;0;-0,00117733;98,1933;2,502
"243";2023;1;"Japan";"2023/1";3,824;37,172;50,428;84,21;51,4;1783;0,25;0,0302042169033108;6,37;2,24;81,81;33,32;212,46;0,98;5,87;89,38;58,89;5,89;0,098;0,00143567;101,4347;2,802
"244";2023;1;"Skorea";"2023/1";-1,545;38,355;40,585;87,528;55,41;66;3,42;0,0316991445435788;2,38;5,44;52,85;70,93;63,47;0,73;6,43;55,82;48,74;6,14;0,109;0,01347;102,5566;2,651
"245";2023;1;"Phlppn";"2023/1";12,753;82,559;162,789;71,003;88,07;648;3,04;0,0206184607151831;3,18;1,25;85,15;21,3;70,14;0,78;6,29;66,46;51,72;8,98;0,122;0,00078016;101,5118;2,656
"246";2023;2;"Shangh";"2023/2";11,393;89,151;154,497;83,739;63,6;313;1,2;0,0153246719813217;5,73;2,55;89,13;29,99;60,58;0,98;6,65;52,2;78,35;8,52;0,332;0,00143089;100,1378;2,805
"247";2023;2;"Peking";"2023/2";-0,156;44,605;67,223;77,239;23,94;2285;1,3;0,0526251533655197;3,49;3,37;91,16;23,16;15,1;0,98;7,44;29,72;73,97;6,74;0;-0,00109289;98,1604;2,71
"248";2023;2;"Japan";"2023/2";1,091;32,356;73,153;83,051;46,96;1851;0,22;0,0310120787420238;4,47;2,27;81,51;33,98;220,59;0,83;7,12;89,29;57,69;5,5;0,044;0,00136771;101,4024;2,776
"249";2023;2;"Skorea";"2023/2";0,618;42,027;49,911;86,39;51,3;68;2,63;0,035898450972231;2,37;5,45;53,18;71,68;50,39;0,73;6,49;56,22;48,9;6,02;0;0,0135777;102,6724;2,746
"250";2023;2;"Phlppn";"2023/2";8,252;62;187,648;81,423;89,22;572;2,88;0,0219243007342587;3,43;1,25;86,21;21,73;64,12;0,66;6,45;66,91;52,85;8,91;0,184;0,00074903;101,5062;2,758
"251";2023;3;"Shangh";"2023/3";11,673;41,483;222,92;69,94;53,32;318;1,16;0,0180809335934269;6,8;2,72;89,73;31,32;63,47;0,88;5,97;52,3;78,5;8,85;0,145;0,00143108;100,2306;2,842
"252";2023;3;"Peking";"2023/3";0,289;53,614;108,33;76,854;30,9;1906;1,72;0,0551701279669276;3,51;3,15;91,36;24,68;12,53;0,92;7,48;29,49;72,28;6,54;0;-0,00108578;98,1834;2,782
"253";2023;3;"Japan";"2023/3";-1,899;39,592;116,207;69,497;51,99;1603;0,28;0,0293055002738385;6,32;1,82;80,97;34,87;219,35;0,87;6,36;88,68;57,43;5,43;0,2;0,0013947;101,3745;2,765
"254";2023;3;"Skorea";"2023/3";-1,157;31,057;106,644;79,478;51,24;60;2,75;0,035294313897;2,1;5,47;51,2;70,83;52,87;0,75;7,59;56,48;47,64;5,61;0;0,01363327;102,7781;2,786
"255";2023;3;"Phlppn";"2023/3";17,244;35,241;226,511;77,699;57,43;660;2,57;0,0226395273171275;2,91;1,4;85,37;20,99;63,79;0,7;7,29;66,73;53,05;8,96;0;0,00077956;101,5013;2,741
"256";2023;4;"Shangh";"2023/4";13,769;67,586;225,113;64,473;73,85;301;1,5;0,0166480149507789;5,58;2,44;89,53;32,42;58,71;0,75;6,95;52,83;78,23;8,75;0,206;0,00148481;100,1347;2,765
"257";2023;4;"Peking";"2023/4";2,681;35,969;183,758;74,516;26,5;1991;1,67;0,0501569617718175;3,63;3,12;91,97;24,2;14,01;0,91;6,89;30,39;72,43;6,09;0,041;-0,00114729;98,1257;2,79
"258";2023;4;"Japan";"2023/4";10,215;41,735;168,005;61,424;47,87;1758;0,25;0,0303083266402414;5,49;1,74;81,77;36,74;220,14;0,97;7,51;88,09;56,16;5,03;0,006;0,00137639;101,4466;2,877
"259";2023;4;"Skorea";"2023/4";13,484;43,197;165,932;65,879;52,58;59;2,96;0,0346000076088049;2,56;5,88;50,03;70,42;56,02;0,76;7,73;57,65;47,19;5,42;0;0,01367718;102,6648;2,692
"260";2023;4;"Phlppn";"2023/4";15,217;25,035;243,756;78,064;63,18;704;2,68;0,0222600155943341;3,1;1,48;85,96;20,86;69,87;0,74;5,95;66,19;52,56;9,3;0,114;0,00078895;101,5397;2,726
"261";2023;5;"Shangh";"2023/5";14,175;57,23;301,755;61,395;55,23;293;1,41;0,01753446322004;6,02;2,27;89,26;31,54;69,36;0,97;6,11;53,56;78,38;8,51;0,125;0,00140492;100,0064;2,684
"262";2023;5;"Peking";"2023/5";9,065;51,476;202,919;71,3;26,37;2240;1,86;0,0537436220613486;3,41;3,09;91,53;24,76;13,94;0,94;7,74;30,8;73,11;6,07;0;-0,00111811;97,9932;2,766
"263";2023;5;"Japan";"2023/5";10,793;57,295;229,727;52,143;42,12;1824;0,23;0,0304699813583049;6,68;1,76;82,26;36,12;209,41;0,84;7,03;88,36;55,26;4,99;0,118;0,00136991;101,6356;2,706
"264";2023;5;"Skorea";"2023/5";14,384;55,961;270,135;62,981;44,93;61;3,42;0,0358605428038606;2,4;5,89;49,29;70,18;56,77;0,73;6,77;58,34;46,83;5,19;0,106;0,0136875;102,6525;2,875
"265";2023;5;"Phlppn";"2023/5";19,104;6,85;324,246;77,515;56,81;632;2,48;0,0216572337069558;2,81;1,38;84,81;20,69;70,88;0,64;6,67;66,21;53,39;9,27;0;0,00081589;101,333;2,845
"266";2023;6;"Shangh";"2023/6";19,061;13,832;289,464;58,275;74,77;315;1,39;0,0177913450098068;6,37;2,61;89,03;32,18;69,7;0,85;6,15;51,75;78,32;8,09;0,082;0,00145112;100,0238;2,915
"267";2023;6;"Peking";"2023/6";11,883;73,78;211,718;78,204;24,28;2259;1,35;0,0527506006832917;3,37;2,79;90,75;23,99;13,43;0,98;7,12;31,09;71,62;5,8;0,021;-0,00109967;98,042;2,824
"268";2023;6;"Japan";"2023/6";15,82;65,988;215,947;55,844;36,15;1732;0,24;0,0305200283389245;4,86;1,95;81,93;33,7;245,86;0,98;6,96;88,6;53,04;4,87;0,02;0,00136291;101,6513;2,813
"269";2023;6;"Skorea";"2023/6";19,34;79,702;287,998;64,375;51,06;63;3,26;0,0342069113849208;2,47;5,75;47,54;69,73;58,93;0,8;6,11;57,79;44,92;5,36;0,001;0,0137238;102,7646;2,942
"270";2023;6;"Phlppn";"2023/6";28,633;2,837;361,637;73,966;70,48;781;3,1;0,0220749856051896;3,43;1,25;83,69;20,39;72,29;0,71;6,67;66,06;53,34;8,74;0,145;0,00082171;101,4167;2,788
"271";2023;7;"Shangh";"2023/7";23,58;4,055;337,401;49,367;58,23;332;1,34;0,0174777250394544;6,8;2,41;88,57;32,76;66,24;0,98;6,41;49,66;77,49;7,8;0,164;0,00151103;100,093;2,695
"272";2023;7;"Peking";"2023/7";15,387;117,181;183,56;77,748;34,41;2050;1,75;0,0527150732567816;4,53;3,4;90,37;23,14;13,22;0,96;7,54;31,23;71,27;4,86;0,149;-0,00101612;98,1032;2,708
"273";2023;7;"Japan";"2023/7";16,425;48,206;226,84;61,605;44,21;1494;0,21;0,032488813358776;6,43;1,64;81,33;34,25;221,94;0,91;6,58;90,09;52,86;4,46;0,089;0,00128309;101,5277;2,656
"274";2023;7;"Skorea";"2023/7";24,28;62,68;284,943;60,897;48,69;65;3,38;0,0320367676022385;2,23;5,8;47,87;68,64;59,23;0,8;6,66;56,95;44,64;5,96;0,022;0,01369419;102,7679;3,049
"275";2023;7;"Phlppn";"2023/7";31,003;0;389,865;68,458;70,69;689;3,33;0,0216533044465072;3,12;1,25;83,56;20,08;61,73;0,79;6,72;67,23;53,68;9,1;0,174;0,00085574;101,4515;2,705
"276";2023;8;"Shangh";"2023/8";20,286;7,041;328,311;49,983;54,44;334;1,38;0,0168392958368;4,36;2,53;88,59;32,35;67,58;0,91;6,38;50,35;78,47;7,78;0,295;0,00145959;99,9992;2,688
"277";2023;8;"Peking";"2023/8";13,186;93,625;195,898;79,604;25,63;2158;1,62;0,0571108386779843;3,46;3,28;89,78;22,92;13,58;0,98;7,08;30,63;70,36;5;0,125;-0,00104252;98,02;2,665
"278";2023;8;"Japan";"2023/8";19,52;60,266;213,611;59,77;40,83;1522;0,3;0,031126666953609;6,56;1,93;80,01;34,05;220,5;0,9;6,99;91,41;53,21;4,31;0,161;0,00123528;101,4949;2,746
"279";2023;8;"Skorea";"2023/8";24,225;55,462;279,322;68,391;44,75;74;3,04;0,0380876485060696;2,57;5,83;48,43;69;55,54;0,84;6,6;57,45;45,73;6,25;0,25;0,01379944;102,7826;3,009
"280";2023;8;"Phlppn";"2023/8";26,076;6,027;301,663;70,491;79,41;779;2,42;0,0253543354658521;3,39;1,25;81,91;21,2;72,13;0,74;6,51;66,82;51,68;8,98;0,196;0,00088413;101,1795;2,66
"281";2023;9;"Shangh";"2023/9";20,793;28,18;245,634;53,987;57,8;338;1,22;0,0177044049281227;4,82;2,4;88,39;30,98;71,7;0,77;6,99;50,21;77,69;7,87;0,451;0,00145718;99,9919;2,723
"282";2023;9;"Peking";"2023/9";10,082;101,851;117,707;83,118;29,1;1997;1,53;0,0529238652643082;4,09;3,23;89,91;21,81;12,15;0,97;7,87;30,71;71,17;4,71;0,323;-0,0009508;98,0441;2,607
"283";2023;9;"Japan";"2023/9";16,863;43,509;154,825;68,213;44,17;1708;0,25;0,0306522031996537;6,34;2;81,08;35,35;215,52;0,96;6,73;91,21;53,56;3,97;0,334;0,00122874;101,2686;2,89
"284";2023;9;"Skorea";"2023/9";13,185;53,798;200,114;76,039;54,21;70;3,2;0,0363642651946967;2,13;5,64;47,25;67,66;55,23;0,78;8,14;58,02;45,69;5,9;0,104;0,01382167;102,8479;2,724
"285";2023;9;"Phlppn";"2023/9";28,203;32,88;253,022;76,097;79,69;785;2,19;0,0236266822550347;2,82;1,63;81,69;20,49;56,22;0,77;5,47;66,9;52,02;8,8;0,019;0,00088278;101,1497;2,604
"286";2023;10;"Shangh";"2023/10";20,131;83,683;223,632;64,317;59,3;316;1,38;0,0169745072944678;6,65;2,32;89,21;30,8;65,73;0,8;7,01;50,64;77,26;8,17;0,115;0,00143858;99,916;2,686
"287";2023;10;"Peking";"2023/10";6,904;79,513;62,337;76,887;29,29;2071;1,82;0,0526127362569708;4,21;3,06;91,55;21;12,3;0,97;6,79;28,71;73,11;4,64;0,166;-0,0009524;98,2119;2,676
"288";2023;10;"Japan";"2023/10";9,16;38,701;97,808;76,173;52,02;1863;0,23;0,0338047018914167;5,69;2,15;79,62;34,42;199,97;0,94;7,09;91,11;53,22;4,2;0,096;0,00127584;101,4311;2,962
"289";2023;10;"Skorea";"2023/10";9,761;45,256;120,924;81,638;58,4;68;3,46;0,0349958338535003;2,15;5,44;47,25;67,13;56,83;0,77;6,92;59,63;44,24;6,23;0,132;0,01372249;102,9114;2,706
"290";2023;10;"Phlppn";"2023/10";20,257;93,341;219,96;82,772;78,82;742;2,65;0,0231306317660219;2,91;2,12;81,98;20,19;60,33;0,76;7,17;67,98;52,75;8,62;0;0,00085743;101,3224;2,742
"291";2023;11;"Shangh";"2023/11";11,723;112,606;173,303;75,308;57,01;292;1,53;0,0161929003123693;6,8;2,19;89,8;30,14;67,78;0,79;6,58;49,47;77,41;7,98;0,17;0,00147224;99,9668;2,786
"292";2023;11;"Peking";"2023/11";0,065;77,165;32,08;80,138;29,59;1870;1,73;0,0562749295728025;3,37;3,14;91,86;19,72;11,86;0,92;7,68;28,94;74,84;4,63;0,044;-0,00100838;98,2522;2,759
"293";2023;11;"Japan";"2023/11";2,668;41,767;48,843;82,912;47,55;2120;0,22;0,0306916163243131;6,14;1,8;78,78;33,96;239,72;0,95;6,85;89,78;54,16;4,47;0,143;0,00129799;101,2733;2,754
"294";2023;11;"Skorea";"2023/11";4,042;54,199;48,5;82,703;51,89;66;3,18;0,0343373349294744;2,1;5,34;46,51;67,6;59,63;0,71;6,53;60,86;44,53;5,73;0,131;0,01373463;102,8429;2,679
"295";2023;11;"Phlppn";"2023/11";17,078;80,954;200,428;73,625;81,33;701;2,45;0,021610058328993;3,88;2,16;80,92;19,79;69,62;0,73;6,75;68,48;51,75;8,57;0,132;0,00080277;101,4053;2,591
"296";2023;12;"Shangh";"2023/12";12,375;130,175;124,604;79,543;50,02;346;1,3;0,0186012587496848;6,8;2,05;90,72;30,6;60,56;0,87;6,89;50,31;77,08;8,21;0,321;0,00151048;100,1705;2,729
"297";2023;12;"Peking";"2023/12";-2,009;81,863;9,536;75,322;23,68;2117;2;0,0557554115663269;4,05;3,07;93,34;18,65;12,27;0,89;7,89;26,92;74,32;5,21;0;-0,00104973;98,1955;2,898
"298";2023;12;"Japan";"2023/12";-0,032;54,327;40,576;78,561;50,32;2362;0,19;0,0311474622929139;6,73;1,64;77,34;33,74;228,15;0,91;6,63;89,55;53,33;5,43;0;0,00128932;101,2032;2,777
"299";2023;12;"Skorea";"2023/12";2,863;44,616;30,887;82,575;58,68;67;3,58;0,0334643728970541;2,29;5,42;46,56;68,06;54,4;0,69;7,18;61,83;44,78;5,53;0,228;0,01382293;102,9427;2,692
"300";2023;12;"Phlppn";"2023/12";17,779;110,723;170,59;81,771;60,29;656;2,79;0,0226033564776872;3,46;2,37;81,34;19,83;68,87;0,7;6,9;67,03;52,14;8,73;0,241;0,00080161;101,4264;2,808
"301";2024;1;"Shangh";"2024/1";13,916;94,55;147,335;79,784;66,52;321;1,45;0,0164590619650751;6,39;1,82;92,25;28,32;70,42;0,86;7,2;50,2;77,38;8,53;0,082;0,00148428;100,1069;2,724
"302";2024;1;"Peking";"2024/1";-0,514;69,713;20,597;75,752;26,93;1651;1,85;0,0511373160232061;3,38;3,19;94;19,04;14,03;0,98;7,29;27,32;73,32;5,85;0,031;-0,00091821;98,0524;2,852
"303";2024;1;"Japan";"2024/1";-2,082;48,913;48,999;85,237;41,74;1490;0,23;0,029041028063744;5,99;1,67;78,26;33,94;207,47;0,98;5,76;90,31;54,18;5,7;0,145;0,00130263;101,2579;2,838
"304";2024;1;"Skorea";"2024/1";-4,42;35,445;39,123;88,15;51,09;65;3,06;0,0347602467390981;2,31;5,51;46,6;69,55;53,26;0,78;7,13;61,5;44,76;5,5;0,077;0,01372502;102,8554;2,653
"305";2024;1;"Phlppn";"2024/1";12,337;84,106;174,731;79,984;78,71;784;2,87;0,0201256175089877;3,09;2,82;80,89;18,15;67,87;0,72;7,04;66,38;54,89;8,86;0;0,00079861;101,4517;2,787
"306";2024;2;"Shangh";"2024/2";14,816;93,66;159,634;82,097;73,1;264;1,39;0,0174435497076349;6,57;1,78;92;29,56;62,97;0,9;6,36;50,03;76,99;8,32;0,195;0,00145772;99,9465;2,807
"307";2024;2;"Peking";"2024/2";0,471;51,684;65,018;77,303;26,24;1743;1,99;0,0532089237006855;4,3;2,93;92,97;18,98;11,64;0,93;7,28;23,56;73,44;5,76;0,066;-0,00096571;98,3526;2,973
"308";2024;2;"Japan";"2024/2";3,793;36,929;75,884;80,514;42,31;1574;0,26;0,0289556151276265;6,05;1,25;77,17;34,17;225,97;0,92;5,29;89,93;54,44;5,53;0,24;0,00131852;101,4189;2,965
"309";2024;2;"Skorea";"2024/2";-5,649;37,922;61,886;77,27;64,47;64;3,19;0,0352643270080046;2,12;5,45;46,71;69,88;52,9;0,77;7,21;61,81;44,81;5,02;0;0,01370057;102,8665;2,699
"310";2024;2;"Phlppn";"2024/2";13,014;56,196;161,487;75,128;61,59;757;2,52;0,0226178002080087;2,9;2,62;81,34;17,29;66,12;0,75;7,08;67,96;55,43;8,94;0,037;0,00071984;101,4925;2,975
"311";2024;3;"Shangh";"2024/3";13,053;55,645;211,18;67,791;70,69;363;1,39;0,0179285384801201;6,51;1,67;93,27;30,07;64,97;0,89;6,3;50,45;75,97;8,56;0,405;0,00142571;99,7607;2,943
"312";2024;3;"Peking";"2024/3";3,925;54,745;116,12;75,828;31,2;2160;1,29;0,0498726464895516;4,03;2,79;92,74;19,73;14,37;0,96;7,13;22,68;73,6;5,6;0,111;-0,00113311;98,2314;3,058
"313";2024;3;"Japan";"2024/3";3,862;34,571;121,367;67,414;45,51;1589;0,25;0,0335082720899474;6,34;1,25;77,27;34,15;234,99;0,94;6,16;89,44;54,49;5,22;0,014;0,00131038;101,3026;3,024
"314";2024;3;"Skorea";"2024/3";-4,113;37,595;100,05;77,823;56,23;62;3,34;0,0321760354162034;2,25;5,47;44,93;71,21;52,19;0,75;5,98;60,21;44,94;5,18;0;0,01377096;102,8797;2,866
"315";2024;3;"Phlppn";"2024/3";12,338;39,012;260,322;81,031;70,34;660;3,11;0,0252293363248959;3,36;2,48;82,33;16,95;59,37;0,7;6,41;67,93;55,97;9,45;0,072;0,00076717;101,5275;2,991
"316";2024;4;"Shangh";"2024/4";12,764;66,914;247,14;74,125;43,5;294;1,42;0,0174044175954474;5,97;1,86;92,6;28,62;66,23;0,93;7,19;50,37;74,61;8,07;0,138;0,00140069;99,6901;2,85
"317";2024;4;"Peking";"2024/4";0,956;44,224;160,332;84,585;25,14;2012;1,33;0,0545140277060085;3,46;2,76;91,69;19,97;14,97;0,96;7,51;23,63;72,93;5,84;0;-0,00113802;98,2821;2,857
"318";2024;4;"Japan";"2024/4";13,949;39,517;166,904;57,3;44,44;1838;0,24;0,0328992928942617;5,94;1,45;76,57;33,95;210,29;0,97;6,04;88,85;55,05;5,59;0,011;0,00127475;101,3028;2,993
"319";2024;4;"Skorea";"2024/4";9,124;47,671;173,548;71,465;43,39;77;3,46;0,0374530068062078;2,26;5,78;44,16;71,01;58,85;0,65;6,84;60,35;45,49;5,12;0,172;0,01379775;102,9252;2,568
"320";2024;4;"Phlppn";"2024/4";13,346;22,778;278,745;80,168;66,78;711;3,24;0,0218456164479419;3,17;2,56;83,49;18,15;67,09;0,75;6,38;68,41;55,34;9,26;0,124;0,00073036;101,7109;3,06
"321";2024;5;"Shangh";"2024/5";10,818;49,595;290,481;62,022;65,73;347;1,4;0,0176621595155646;6,61;1,51;93,32;28,81;66,75;0,9;6,46;51,4;74,65;7,68;0,102;0,00143533;99,5323;2,723
"322";2024;5;"Peking";"2024/5";12,543;49,432;227,243;77,8;25,41;1922;1,54;0,0510936048804927;3,96;2,73;92,52;20,36;12,79;0,98;6,72;24,6;74,27;5,99;0,058;-0,00119607;98,2817;2,891
"323";2024;5;"Japan";"2024/5";18,667;50,548;222,31;56,522;53,76;1762;0,25;0,0310902243384394;5,93;1,3;77,06;32,55;204,59;0,92;6,52;88,97;55,6;5,93;0;0,00132032;101,3899;2,954
"324";2024;5;"Skorea";"2024/5";18,599;46,561;186,464;60,743;47,64;74;2,72;0,0310959124062785;2,56;6,03;44,18;71,16;57,91;0,78;6,34;60,26;45,21;4,56;0;0,01379401;103,0114;2,638
"325";2024;5;"Phlppn";"2024/5";17,956;6,275;314,551;67,729;67,47;705;2,66;0,0204212268896454;3,16;2,91;82,41;19,19;63,64;0,79;7,86;68,07;56,23;8,7;0;0,0007398;101,7157;2,818
"326";2024;6;"Shangh";"2024/6";18,444;15,645;300,174;59,267;45,9;295;1,19;0,0185249629002396;6,12;1,36;93,59;30,15;70,16;0,8;6,3;50,69;74,41;7,4;0,055;0,00139969;99,3355;2,915
"327";2024;6;"Peking";"2024/6";13,732;70,688;182,292;79,521;30,98;2360;1,79;0,0510466590407027;3,71;2,8;92,83;21,42;13,03;0,96;7,78;25,35;74,94;6,19;0,116;-0,00116818;98,2705;2,867
"328";2024;6;"Japan";"2024/6";15,882;62,249;207,141;58,721;51,7;1398;0,17;0,028901505958553;5,43;1,25;77,77;31,76;218,22;0,93;6,41;90,58;55,03;6,19;0,229;0,00127203;101,4171;2,876
"329";2024;6;"Skorea";"2024/6";19,666;79,131;256,11;61,757;40,54;57;3;0,0348156466682485;2,25;5,85;43,58;71,19;61,78;0,82;6,99;58,98;47,24;4,53;0;0,0137523;102,8721;2,804
"330";2024;6;"Phlppn";"2024/6";21,825;3,336;323,898;76,376;68,11;659;2,64;0,0220113723792243;3,53;2,72;81,82;18,71;61,98;0,76;6,45;70,03;55,81;8,8;0,137;0,00075868;101,8884;2,836
"331";2024;7;"Shangh";"2024/7";23,342;4,03;322,577;47,373;40,12;258;1,43;0,0163512222465154;6,58;1,51;94,7;30,61;64,83;0,8;7,06;50,45;74,03;7,86;0,32;0,00136325;99,3451;2,745
"332";2024;7;"Peking";"2024/7";13,505;92,147;176,217;75,601;28,26;1460;1,7;0,0483671101446524;3,3;2,74;94,11;22,54;12,76;0,98;7,61;24,15;73,53;5,68;0;-0,001179;98,1131;2,719
"333";2024;7;"Japan";"2024/7";21,087;51,693;211,504;57,128;40,06;1953;0,26;0,0303603493115019;5,5;1,25;78,1;32,12;216,53;0,95;6,72;90,91;57,26;5,71;0,278;0,00125796;101,4386;2,847
"334";2024;7;"Skorea";"2024/7";21,409;74,735;290,162;68,565;48,46;53;2,85;0,0367727315376726;2,21;5,68;44,72;70,15;60,95;0,74;7,21;58,3;47,72;5,08;0,061;0,01381897;102,8972;2,685
"335";2024;7;"Phlppn";"2024/7";28,744;0;352,05;67,041;66,64;806;2,37;0,0217738786112388;2,97;2,64;81,16;18,59;59,09;0,69;6,42;70,81;55,97;9,28;0,153;0,00074885;101,8321;2,782
"336";2024;8;"Shangh";"2024/8";22,737;6,413;320,101;55,32;50,01;302;1,33;0,0174955995626266;6,11;1,38;95,31;30,19;62,07;0,95;6,4;52,88;74,52;8,01;0,184;0,00142266;99,3092;2,82
"337";2024;8;"Peking";"2024/8";14,167;88,381;170,018;81,134;34,31;2469;1,73;0,0527106361752967;3,04;2,61;94,78;23,35;13,13;0,98;7,43;23,27;72,91;5,61;0,177;-0,00119244;98,1348;2,724
"338";2024;8;"Japan";"2024/8";13,242;58,044;230,557;59,481;32,53;1734;0,22;0,0298468104556725;6,64;1,4;77,66;32,23;229,14;0,95;6,88;90,45;57,49;5,74;0,015;0,0012449;101,5615;2,77
"339";2024;8;"Skorea";"2024/8";19,041;57,974;242,786;66,513;46,64;59;3,42;0,0325433154650544;2,21;5,44;46,74;70,18;59,48;0,75;7,01;57,83;48,74;4,97;0,11;0,01377472;103,0253;2,753
"340";2024;8;"Phlppn";"2024/8";29,411;7,859;336,371;75,447;74,96;544;2,55;0,0231300299605653;3,08;2,72;81,03;18,58;70,4;0,69;6,24;69,49;58,17;9,44;0,149;0,00074954;101,915;2,779
"341";2024;9;"Shangh";"2024/9";19,674;27,995;236,412;55,546;67,43;346;1,38;0,0159660373142753;6,8;1,53;95,23;30,02;64,75;0,92;6,25;51,78;74,4;7,95;0,176;0,00136979;99,3479;2,745
"342";2024;9;"Peking";"2024/9";11,521;82,833;106,121;81,568;29,14;1957;1,7;0,0491368564030873;3,36;2,24;95,84;25,46;13,61;0,91;7,48;21,27;72,5;5,46;0,146;-0,00117445;98,1759;2,823
"343";2024;9;"Japan";"2024/9";14,358;47,046;154,389;67,421;38,38;1871;0,23;0,0307498893291282;5,52;1,55;76,8;32,17;221,54;0,98;7,39;90,38;58,42;6,17;0;0,00127235;101,4921;2,825
"344";2024;9;"Skorea";"2024/9";15,208;54,413;182,575;78,896;43,67;66;2,72;0,038414430769516;2,49;5,29;46,97;68,94;49,22;0,8;7,18;59,03;47,31;4,54;0,033;0,01383763;103,1197;2,71
"345";2024;9;"Phlppn";"2024/9";24,42;43,881;243,483;78,449;68,46;770;2,61;0,0218660635946095;3,67;2,46;80,61;18,81;67,83;0,69;6,22;69,24;59,21;9,31;0,143;0,00073475;101,9724;2,682
"346";2024;10;"Shangh";"2024/10";16,831;77,595;244,006;65,266;55,4;240;1,27;0,016624382533876;5,86;1,71;94,1;30,99;61,91;0,95;6,62;51,61;71,63;8,1;0,242;0,00136276;99,3827;2,72
"347";2024;10;"Peking";"2024/10";7,175;70,092;64,403;84,491;29,41;1887;1,87;0,0590872072522373;3,07;1,95;97,33;24,76;14,01;0,95;7,61;21,67;72,08;5,17;0,376;-0,00114695;98,2219;2,729
"348";2024;10;"Japan";"2024/10";9,753;33,92;114,398;69,082;47,45;1826;0,24;0,0336460628422397;6,24;1,67;75,08;33,62;230,84;0,95;7,1;91,3;57,31;6,12;0;0,00128011;101,4486;2,909
"349";2024;10;"Skorea";"2024/10";8,443;38,521;115,711;80,763;48,06;73;3,71;0,0368169186397833;2,39;5,6;49,58;70,62;60,55;0,79;7,07;61,56;48,58;4,45;0,241;0,01381598;103,0722;2,802
"350";2024;10;"Phlppn";"2024/10";20,361;96,391;233,972;77,339;70,19;694;2,97;0,0227091633316802;2,34;2,29;83,38;19,64;65,67;0,65;6,42;69,03;60,48;9,22;0,106;0,00073022;102,0442;2,588
"351";2024;11;"Shangh";"2024/11";14,301;95,667;158,262;77,433;56,56;268;1,16;0,0168921673446204;5,9;1,44;93,78;31,79;65,6;0,91;6,31;51,19;68,93;8,16;0,276;0,00126819;99,4396;2,798
"352";2024;11;"Peking";"2024/11";0,653;82,968;31,822;78,036;24,41;2031;1,74;0,0549356479789309;3,73;2,12;96,89;24,83;12,55;0,97;7,24;22,8;74,46;5,63;0;-0,00115539;98,1376;2,558
"353";2024;11;"Japan";"2024/11";0,205;49,218;52,477;90,839;38,97;1972;0,25;0,0306053311116613;5,3;1,7;73,39;33,99;223,74;0,84;6,39;91,96;60,29;5,7;0,049;0,00132109;101,4532;2,724
"354";2024;11;"Skorea";"2024/11";-0,611;45,46;53,979;91,2;55,18;51;2,75;0,0336321571197603;2,58;5,56;50,85;70,26;58,64;0,66;6,34;61,08;48,32;4,52;0,015;0,01375207;103,3652;2,574
"355";2024;11;"Phlppn";"2024/11";17,009;82,966;172,995;67,858;63,24;790;2,62;0,0192744434933378;3,19;2,44;84,21;18,91;55,9;0,78;6,87;68,94;61,51;9,44;0,188;0,00070642;102,1574;2,665
"356";2024;12;"Shangh";"2024/12";13,489;133,704;149,923;75,922;55,46;357;1,05;0,0191153296096089;4,44;1,31;93,55;32,74;62,94;0,95;5,88;49,92;68,09;8,09;0,187;0,00121863;99,6115;2,7
"357";2024;12;"Peking";"2024/12";0,479;64,285;9,701;72,4;25,08;1769;1,63;0,0557442032107511;3,79;2,06;96,17;25,65;12,77;0,94;7,13;23,95;73,95;5,83;0;-0,00122024;98,1827;2,576
"358";2024;12;"Japan";"2024/12";-1,155;57,024;31,289;85,614;50,74;1757;0,26;0,0329375182333732;6,72;1,84;76,46;34,22;237,75;0,95;6,35;92,83;60,08;5,46;0,049;0,00131286;101,4379;2,827
"359";2024;12;"Skorea";"2024/12";-4,438;45,703;30,55;86,835;45,23;61;3,92;0,0332261442438077;2,24;5,36;52,47;69,6;57,7;0,83;6,22;62,39;48,19;4,69;0;0,01379196;103,3539;2,437
"360";2024;12;"Phlppn";"2024/12";14,203;106,342;175,046;74,268;65,7;703;2,54;0,0208239307022208;2,91;2,19;82,96;17,76;68,24;0,73;6,87;67,81;62,23;9,24;0,127;0,00072688;102,2935;2,641
